street,price_pln,size_m2,rooms,floor,detail_url,year_built,coords
Ukośna,459900,40 m²,2 pokoje,parter/2,https://www.morizon.pl/oferta/sprzedaz-mieszkanie-gdansk-orunia-sw-wojciech-lipce-ukosna-40m2-mzn2044857847,-1,"54.324881,18.6345344"
Piastowska,459900,30 m²,2 pokoje,piętro 8/10,https://www.morizon.pl/oferta/sprzedaz-mieszkanie-gdansk-przymorze-piastowska-30m2-mzn2045138118,1978,"54.41645,18.59128"
ul. Wielkopolska,529000,31 m²,1 pokój,piętro 3,https://www.morizon.pl/oferta/sprzedaz-mieszkanie-gdansk-ujescisko-lostowice-wielkopolska-31m2-mzn2044874494,2025,"54.3111909,18.58993292"
ul. Wielkopolska,529000,40 m²,2 pokoje,piętro 3,https://www.morizon.pl/oferta/sprzedaz-mieszkanie-gdansk-ujescisko-lostowice-wielkopolska-40m2-mzn2045093820,2025,"54.3111909,18.58993292"
ul. Jaśkowa Dolina,401000,86 m²,4 pokoje,piętro 3/4,https://www.morizon.pl/oferta/sprzedaz-mieszkanie-gdansk-wrzeszcz-jaskowa-dolina-86m2-mzn2043202805,2024,"54.36519919,18.5883288"
Kryształowa,401000,90 m²,4 pokoje,piętro 2,https://www.morizon.pl/oferta/sprzedaz-mieszkanie-gdansk-ujescisko-lostowice-krysztalowa-90m2-mzn2043538165,2025,"54.3133,18.5991"
Stogi,499000,44 m²,2 pokoje,piętro 1/3,https://www.morizon.pl/oferta/sprzedaz-mieszkanie-gdansk-stogi-zakole7-44m2-mzn2044735025,2025,"54.3623,18.7092"
Zakole,499000,32 m²,2 pokoje,parter/3,https://www.morizon.pl/oferta/sprzedaz-mieszkanie-gdansk-stogi-skiby-32m2-mzn2042749997,2025,"54.3622,18.7087"
Zakole,629900,61 m²,3 pokoje,piętro 1/3,https://www.morizon.pl/oferta/sprzedaz-mieszkanie-gdansk-stogi-skiby-61m2-mzn2044292832,2025,"54.3622,18.7087"
Lawendowe Wzgórze,629900,55 m²,3 pokoje,piętro 3/6,https://www.morizon.pl/oferta/sprzedaz-mieszkanie-gdansk-jasien-lawendowe-wzgorze-55m2-mzn2045851558,2022,"54.32659,18.56149"
Słoneczna Dolina,516900,52 m²,2 pokoje,parter/3,https://www.morizon.pl/oferta/sprzedaz-mieszkanie-gdansk-siedlce-sloneczna-dolina-52m2-mzn2045696614,2002,"54.3435009,18.5887656"
Henryka Hubertusa Jabłońskiego,516900,49 m²,2 pokoje,piętro 2/4,https://www.morizon.pl/oferta/sprzedaz-mieszkanie-gdansk-chelm-henryka-hubertusa-jablonskiego-49m2-mzn2045864890,1990,"54.3349438,18.6262579"
Storczykowa,759900,87 m²,4 pokoje,piętro 4/4,https://www.morizon.pl/oferta/sprzedaz-mieszkanie-gdansk-kokoszki-storczykowa-87m2-mzn2044686913,2003,"54.3551146,18.5100533"
Mariana Seredyńskiego,759900,54 m²,2 pokoje,piętro 1/3,https://www.morizon.pl/oferta/sprzedaz-mieszkanie-gdansk-srodmiescie-mariana-seredynskiego-54m2-mzn2045276683,1905,"54.34385203,18.66231233"
Bolesława Krzywoustego,699999,56 m²,2 pokoje,parter/4,https://www.morizon.pl/oferta/sprzedaz-mieszkanie-gdansk-przymorze-boleslawa-krzywoustego-56m2-mzn2045840690,2012,"54.41225447,18.57935379"
Łąkowa,699999,36 m²,1 pokój,piętro 5/5,https://www.morizon.pl/oferta/sprzedaz-mieszkanie-gdansk-lakowa-36m2-mzn2045753033,2022,"54.34621737,18.66543486"
Maćkowy,699000,62 m²,3 pokoje,piętro 3/3,https://www.morizon.pl/oferta/sprzedaz-mieszkanie-gdansk-chelm-62m2-mzn2045719580,-1,"54.30638889,18.60666667"
Stanisława Hebanowskiego,699000,54 m²,3 pokoje,piętro 3/3,https://www.morizon.pl/oferta/sprzedaz-mieszkanie-gdansk-chelm-stanislawa-hebanowskiego-54m2-mzn2045815597,-1,"54.33187097,18.62800422"
ul. Nadwiślańska 50,589000,27 m²,1 pokój,parter,https://www.morizon.pl/oferta/sprzedaz-mieszkanie-gdansk-wyspa-sobieszewska-nadwislanska-50-27m2-mzn2045208380,2023,"54.34720203,18.81608248"
Niepołomicka,589000,37 m²,2 pokoje,piętro 3/4,https://www.morizon.pl/oferta/sprzedaz-mieszkanie-gdansk-ujescisko-lostowice-niepolomicka-37m2-mzn2045819869,2019,"54.3164915,18.59757351"
Angielska Grobla,869000,43 m²,2 pokoje,piętro 1/6,https://www.morizon.pl/oferta/sprzedaz-mieszkanie-gdansk-srodmiescie-angielska-grobla-43m2-mzn2045675143,2021,"54.35042338,18.66205204"
Nadmorski Dwór,869000,45 m²,2 pokoje,piętro 3/3,https://www.morizon.pl/oferta/sprzedaz-mieszkanie-gdansk-brzezno-nadmorski-dwor-45m2-mzn2045375410,2011,"54.40711811,18.62095547"
Klimatyczna,699000,30 m²,2 pokoje,piętro 1/2,https://www.morizon.pl/oferta/sprzedaz-mieszkanie-gdansk-wyspa-sobieszewska-klimatyczna-30m2-mzn2044175731,2025,"54.33547,18.90798"
al. Jana Pawła II,699000,35 m²,2 pokoje,piętro 3/6,https://www.morizon.pl/oferta/sprzedaz-mieszkanie-gdansk-zaspa-jana-pawla-ii-35m2-mzn2045880673,2024,"54.39725902,18.60530174"
Pohulanka,1340000,65 m²,3 pokoje,piętro 5/5,https://www.morizon.pl/oferta/sprzedaz-mieszkanie-gdansk-pohulanka-65m2-mzn2045182938,-1,"54.34742509,18.63718279"
Św. Barbary,1340000,69 m²,3 pokoje,parter/5,https://www.morizon.pl/oferta/sprzedaz-mieszkanie-gdansk-srodmiescie-sw-barbary-69m2-mzn2045479195,2020,"54.34866574,18.66304378"
Obrońców Wybrzeża,870000,65 m²,3 pokoje,piętro 11/17,https://www.morizon.pl/oferta/sprzedaz-mieszkanie-gdansk-przymorze-obroncow-wybrzeza-65m2-mzn2045743213,-1,"54.40867074,18.59756722"
ul. Powstańców Warszawskich,870000,30 m²,1 pokój,parter,https://www.morizon.pl/oferta/sprzedaz-mieszkanie-gdansk-aniolki-powstancow-warszawskich-30m2-mzn2045450802,2025,"54.35470559,18.63076115"
Żuławska,808600,43 m²,2 pokoje,piętro 4/4,https://www.morizon.pl/oferta/sprzedaz-mieszkanie-gdansk-orunia-sw-wojciech-lipce-zulawska-43m2-mzn2045828008,1965,"54.3235046,18.6359201"
Stara Stocznia,808600,70 m²,3 pokoje,piętro 6/6,https://www.morizon.pl/oferta/sprzedaz-mieszkanie-gdansk-srodmiescie-stara-stocznia-70m2-mzn2043123916,2023,"54.3557183,18.6629375"
Poznańska,729000,38 m²,3 pokoje,piętro 1/3,https://www.morizon.pl/oferta/sprzedaz-mieszkanie-gdansk-przymorze-poznanska-38m2-mzn2045865045,1958,"54.41367839,18.57979255"
ul. Nadmorski Dwór,729000,59 m²,2 pokoje,parter/3,https://www.morizon.pl/oferta/sprzedaz-mieszkanie-gdansk-brzezno-nadmorski-dwor-59m2-mzn2045552955,2023,"54.40710224,18.62071896"
ul. Opacka,531000,66 m²,2 pokoje,parter/3,https://www.morizon.pl/oferta/sprzedaz-mieszkanie-gdansk-oliwa-opacka-66m2-mzn2045107643,2023,"54.41205002,18.55809689"
ul. Nadmorski Dwór,531000,73 m²,3 pokoje,piętro 3/3,https://www.morizon.pl/oferta/sprzedaz-mieszkanie-gdansk-brzezno-nadmorski-dwor-73m2-mzn2045680215,2023,"54.40710224,18.62071896"
ul. Opacka,525000,93 m²,3 pokoje,piętro 2/3,https://www.morizon.pl/oferta/sprzedaz-mieszkanie-gdansk-oliwa-opacka-93m2-mzn2045107637,2023,"54.41205002,18.55809689"
Przytulna,525000,73 m²,4 pokoje,piętro 2/5,https://www.morizon.pl/oferta/sprzedaz-mieszkanie-gdansk-jasien-osinskiego-73m2-mzn2045441083,2026,"54.34867784,18.53625297"
Damroki,985000,73 m²,3 pokoje,piętro 1/3,https://www.morizon.pl/oferta/sprzedaz-mieszkanie-gdansk-jasien-damroki-73m2-mzn2045870404,-1,"54.34218133,18.56620405"
Leszczynowa,649000,49 m²,2 pokoje,piętro 2/3,https://www.morizon.pl/oferta/sprzedaz-mieszkanie-gdansk-jasien-leszczynowa-49m2-mzn2045628337,2018,"54.3396,18.5603"
Piastowska,649000,30 m²,2 pokoje,piętro 8/10,https://www.morizon.pl/oferta/sprzedaz-mieszkanie-gdansk-przymorze-piastowska-30m2-mzn2045138118,1978,"54.41645,18.59128"
Śródmieście,529000,132 m²,4 pokoje,piętro 6/6,https://www.morizon.pl/oferta/sprzedaz-mieszkanie-gdansk-srodmiescie-132m2-mzn2045883218,-1,"54.351678,18.65574"
Antoniego Słonimskiego,529000,42 m²,2 pokoje,piętro 3/4,https://www.morizon.pl/oferta/sprzedaz-mieszkanie-gdansk-wrzeszcz-antoniego-slonimskiego-42m2-mzn2045869571,-1,"54.38405704,18.59068359"
Taneczna,2850000,39 m²,2 pokoje,piętro 2/5,https://www.morizon.pl/oferta/sprzedaz-mieszkanie-gdansk-jasien-osinskiego-39m2-mzn2044875719,2026,"54.34867784,18.53625297"
Franciszka Rakoczego,2850000,85 m²,4 pokoje,piętro 9/17,https://www.morizon.pl/oferta/sprzedaz-mieszkanie-gdansk-piecki-migowo-franciszka-rakoczego-85m2-mzn2044478789,2026,"54.35856939,18.58099222"
Ujeścisko-Łostowice,940000,40 m²,2 pokoje,piętro 3/3,https://www.morizon.pl/oferta/sprzedaz-mieszkanie-gdansk-ujescisko-lostowice-kazimierza-porebskiego-40m2-mzn2045239168,2003,"54.32041079,18.57761302"
Franciszka Rakoczego,940000,28 m²,1 pokój,piętro 6/17,https://www.morizon.pl/oferta/sprzedaz-mieszkanie-gdansk-piecki-migowo-franciszka-rakoczego-28m2-mzn2044467535,2026,"54.35856939,18.58099222"
ul. Gdańska,472371,84 m²,3 pokoje,piętro 3/4,https://www.morizon.pl/oferta/sprzedaz-mieszkanie-gdansk-brzezno-gdanska-84m2-mzn2044715417,2024,"54.40148577,18.63361835"
ul. Gdańska,472371,62 m²,3 pokoje,piętro 4/4,https://www.morizon.pl/oferta/sprzedaz-mieszkanie-gdansk-brzezno-gdanska-62m2-mzn2045755489,2024,"54.40148577,18.63361835"
ul. Kazimierza Wielkiego,1159224,39 m²,2 pokoje,piętro 1/3,https://www.morizon.pl/oferta/sprzedaz-mieszkanie-gdansk-orunia-sw-wojciech-lipce-kazimierza-wielkiego-39m2-mzn2044561176,2025,"54.3251637,18.6335954"
ul. Kazimierza Wielkiego,1159224,57 m²,2 pokoje,piętro 3/3,https://www.morizon.pl/oferta/sprzedaz-mieszkanie-gdansk-orunia-sw-wojciech-lipce-kazimierza-wielkiego-57m2-mzn2044561122,2025,"54.3251637,18.6335954"
ul. Warszawska,490000,44 m²,2 pokoje,piętro 1,https://www.morizon.pl/oferta/sprzedaz-mieszkanie-gdansk-ujescisko-lostowice-warszawska-44m2-mzn2045457111,2026,"54.33255114,18.57902241"
ul. Warszawska,490000,36 m²,2 pokoje,parter,https://www.morizon.pl/oferta/sprzedaz-mieszkanie-gdansk-ujescisko-lostowice-warszawska-36m2-mzn2045457085,2026,"54.33255114,18.57902241"
ul. Kempingowa 117,530251,35 m²,2 pokoje,piętro 1,https://www.morizon.pl/oferta/sprzedaz-mieszkanie-gdansk-wyspa-sobieszewska-kempingowa-117-35m2-mzn2045208360,2023,"54.3357268,18.9176186"
ul. Turystyczna 90,530251,36 m²,2 pokoje,piętro 1,https://www.morizon.pl/oferta/sprzedaz-mieszkanie-gdansk-wyspa-sobieszewska-turystyczna-90-36m2-mzn2045525779,2024,"54.34070409,18.86372924"
ul. Turystyczna 90,534500,43 m²,2 pokoje,piętro 1,https://www.morizon.pl/oferta/sprzedaz-mieszkanie-gdansk-wyspa-sobieszewska-turystyczna-90-43m2-mzn2045251471,2024,"54.34070409,18.86372924"
ul. Kempingowa 117,534500,35 m²,2 pokoje,parter,https://www.morizon.pl/oferta/sprzedaz-mieszkanie-gdansk-wyspa-sobieszewska-kempingowa-117-35m2-mzn2045748101,2023,"54.3357268,18.9176186"
ul. Przemyska,815500,29 m²,1 pokój,piętro 3/4,https://www.morizon.pl/oferta/sprzedaz-mieszkanie-gdansk-ujescisko-lostowice-przemyska-29m2-mzn2043447404,2025,"54.3281421,18.5933632"
ul. Przemyska,815500,38 m²,2 pokoje,piętro 2/4,https://www.morizon.pl/oferta/sprzedaz-mieszkanie-gdansk-ujescisko-lostowice-przemyska-38m2-mzn2043447415,2025,"54.3281421,18.5933632"
ul. Kartuska,947715,53 m²,3 pokoje,piętro 4,https://www.morizon.pl/oferta/sprzedaz-mieszkanie-gdansk-ujescisko-lostowice-kartuska-53m2-mzn2045462172,2026,"54.34493819,18.58363152"
ul. Kamienna Grobla,947715,53 m²,3 pokoje,parter,https://www.morizon.pl/oferta/sprzedaz-mieszkanie-gdansk-kamienna-grobla-53m2-mzn2044861791,2027,"54.34136707,18.6554718"
ul. Dantyszka,430000,63 m²,3 pokoje,piętro 3/3,https://www.morizon.pl/oferta/sprzedaz-mieszkanie-gdansk-aniolki-dantyszka-63m2-mzn2045750081,2027,"54.36220778,18.62729788"
ul. Dantyszka,430000,98 m²,4 pokoje,parter/3,https://www.morizon.pl/oferta/sprzedaz-mieszkanie-gdansk-aniolki-dantyszka-98m2-mzn2045750080,2027,"54.36220778,18.62729788"
al. Grunwaldzka,675000,27 m²,1 pokój,parter/5,https://www.morizon.pl/oferta/sprzedaz-mieszkanie-gdansk-strzyza-aleja-grunwaldzka-27m2-mzn2045860139,2000,"54.388118,18.5893313"
ul. Wita Stwosza 77,675000,112 m²,4 pokoje,parter/4,https://www.morizon.pl/oferta/sprzedaz-mieszkanie-gdansk-strzyza-wita-stwosza-77-112m2-mzn2044248764,2026,"54.3905662,18.5801339"
Zakoniczyn,1315515,57 m²,3 pokoje,piętro 1/3,https://www.morizon.pl/oferta/sprzedaz-mieszkanie-gdansk-ujescisko-lostowice-57m2-mzn2045260020,-1,"54.3184,18.5804"
ul. Kamienna Grobla,1315515,41 m²,2 pokoje,parter,https://www.morizon.pl/oferta/sprzedaz-mieszkanie-gdansk-kamienna-grobla-41m2-mzn2044861790,2027,"54.34136707,18.6554718"
ul. Wita Stwosza 77,473500,44 m²,2 pokoje,piętro 4/4,https://www.morizon.pl/oferta/sprzedaz-mieszkanie-gdansk-strzyza-wita-stwosza-77-44m2-mzn2044248763,2026,"54.3905662,18.5801339"
ul. Spichrzowa 18/29,473500,41 m²,1 pokój,piętro 3,https://www.morizon.pl/oferta/sprzedaz-mieszkanie-gdansk-srodmiescie-spichrzowa-18-29-41m2-mzn2045180235,2024,"54.34946575,18.65862608"
ul. Ptasia 26,592500,32 m²,1 pokój,piętro 2/4,https://www.morizon.pl/oferta/sprzedaz-mieszkanie-gdansk-chelm-ptasia-26-32m2-mzn2039830163,2025,"54.33169033,18.61693382"
ul. Ptasia 26,592500,62 m²,3 pokoje,parter/4,https://www.morizon.pl/oferta/sprzedaz-mieszkanie-gdansk-chelm-ptasia-26-62m2-mzn2039830001,2025,"54.33169033,18.61693382"
ul. Leśna Góra,1461015,62 m²,3 pokoje,piętro 1,https://www.morizon.pl/oferta/sprzedaz-mieszkanie-gdansk-bretowo-lesna-gora-62m2-mzn2045452387,2027,"54.37583326,18.56055379"
ul. Pastelowa,1461015,36 m²,2 pokoje,piętro 1,https://www.morizon.pl/oferta/sprzedaz-mieszkanie-gdansk-ujescisko-lostowice-pastelowa-36m2-mzn2045690904,2025,"54.31012686,18.60594749"
Polanki,1890000,96 m²,4 pokoje,piętro 1/1,https://www.morizon.pl/oferta/sprzedaz-mieszkanie-gdansk-oliwa-polanki-96m2-mzn2045838719,1920,"54.39189088,18.56970268"
Leszczynowa,1890000,49 m²,2 pokoje,piętro 2/3,https://www.morizon.pl/oferta/sprzedaz-mieszkanie-gdansk-jasien-leszczynowa-49m2-mzn2045628337,2018,"54.3396,18.5603"
ul. Twarda,649000,41 m²,1 pokój,piętro 1/6,https://www.morizon.pl/oferta/sprzedaz-mieszkanie-gdansk-mlyniska-twarda-41m2-mzn2045752689,2026,"54.3761434,18.6343523"
ul. Twarda,649000,48 m²,1 pokój,piętro 2/6,https://www.morizon.pl/oferta/sprzedaz-mieszkanie-gdansk-mlyniska-twarda-48m2-mzn2045752722,2026,"54.3761434,18.6343523"
ul. Wspólna 3,1647000,117 m²,5 pokoi,piętro 1,https://www.morizon.pl/oferta/sprzedaz-mieszkanie-gdansk-olszynka-wspolna-3-117m2-mzn2045668323,2024,"54.33460548,18.65738153"
Stara Stocznia,1647000,49 m²,2 pokoje,piętro 3/6,https://www.morizon.pl/oferta/sprzedaz-mieszkanie-gdansk-srodmiescie-stara-stocznia-49m2-mzn2043304419,2023,"54.35728322,18.65133137"
ul. Wspólna 3,474000,57 m²,3 pokoje,parter,https://www.morizon.pl/oferta/sprzedaz-mieszkanie-gdansk-olszynka-wspolna-3-57m2-mzn2045668297,2024,"54.33460548,18.65738153"
ul. Kusocińskiego 5,474000,73 m²,3 pokoje,piętro 3/10,https://www.morizon.pl/oferta/sprzedaz-mieszkanie-gdansk-piecki-migowo-kusocinskiego-5-73m2-mzn2045368627,2027,"54.35641622,18.57554626"
ul. Jesionowa 6b,662000,36 m²,2 pokoje,piętro 1/5,https://www.morizon.pl/oferta/sprzedaz-mieszkanie-gdansk-wrzeszcz-jesionowa-6b-36m2-mzn2044770968,2026,"54.37992002,18.59714985"
ul. Jesionowa 6b,662000,46 m²,1 pokój,parter/5,https://www.morizon.pl/oferta/sprzedaz-mieszkanie-gdansk-wrzeszcz-jesionowa-6b-46m2-mzn2044770949,2026,"54.37992002,18.59714985"
ul. Borkowska,549000,52 m²,3 pokoje,piętro 3,https://www.morizon.pl/oferta/sprzedaz-mieszkanie-gdansk-orunia-gorna-gdansk-poludnie-borkowska-52m2-mzn2045752020,2025,"54.29592108,18.61873627"
ul. Borkowska,549000,74 m²,4 pokoje,piętro 1,https://www.morizon.pl/oferta/sprzedaz-mieszkanie-gdansk-orunia-gorna-gdansk-poludnie-borkowska-74m2-mzn2045752167,2025,"54.29592108,18.61873627"
ul. Kusocińskiego 5,1250000,103 m²,4 pokoje,piętro 5/10,https://www.morizon.pl/oferta/sprzedaz-mieszkanie-gdansk-piecki-migowo-kusocinskiego-5-103m2-mzn2045368675,2027,"54.35641622,18.57554626"
ul. Jaskółcza,1250000,45 m²,1 pokój,piętro 1,https://www.morizon.pl/oferta/sprzedaz-mieszkanie-gdansk-srodmiescie-jaskolcza-45m2-mzn2044344078,2026,"54.34275553,18.65989208"
ul. Jaskółcza,829000,66 m²,3 pokoje,piętro 1,https://www.morizon.pl/oferta/sprzedaz-mieszkanie-gdansk-srodmiescie-jaskolcza-66m2-mzn2044344054,2026,"54.34275553,18.65989208"
ul. Borkowska 7,829000,46 m²,2 pokoje,piętro 2,https://www.morizon.pl/oferta/sprzedaz-mieszkanie-gdansk-orunia-gorna-gdansk-poludnie-borkowska-7-46m2-mzn2044950246,2025,"54.29788208,18.60763192"
ul. Borkowska 7,549000,65 m²,3 pokoje,piętro 2,https://www.morizon.pl/oferta/sprzedaz-mieszkanie-gdansk-orunia-gorna-gdansk-poludnie-borkowska-7-65m2-mzn2045122700,2025,"54.29788208,18.60763192"
ul. Toruńska,549000,68 m²,3 pokoje,parter/6,https://www.morizon.pl/oferta/sprzedaz-mieszkanie-gdansk-srodmiescie-torunska-68m2-mzn2045828304,2026,"54.34223142,18.65119743"
ul. Toruńska,599999,91 m²,3 pokoje,parter/6,https://www.morizon.pl/oferta/sprzedaz-mieszkanie-gdansk-srodmiescie-torunska-91m2-mzn2045828303,2026,"54.34223142,18.65119743"
Jaśkowa Dolina,599999,23 m²,1 pokój,parter/3,https://www.morizon.pl/oferta/sprzedaz-mieszkanie-gdansk-wrzeszcz-jaskowa-dolina-23m2-mzn2045838718,1900,"54.3755433,18.6062131"
Lecha Bądkowskiego,445000,92 m²,4 pokoje,piętro 5/5,https://www.morizon.pl/oferta/sprzedaz-mieszkanie-gdansk-siedlce-lecha-badkowskiego-92m2-mzn2045852428,1992,"54.35015089,18.61252844"
Starowiejska,445000,60 m²,3 pokoje,piętro 4/7,https://www.morizon.pl/oferta/sprzedaz-mieszkanie-gdansk-letnica-starowiejska-60m2-mzn2045796075,2024,"54.3981683,18.6478865"
Storczykowa,583000,55 m²,2 pokoje,piętro 2/3,https://www.morizon.pl/oferta/sprzedaz-mieszkanie-gdansk-kokoszki-storczykowa-55m2-mzn2045853724,2003,"54.3551146,18.5100533"
Jaskółcza,583000,40 m²,2 pokoje,parter/4,https://www.morizon.pl/oferta/sprzedaz-mieszkanie-gdansk-srodmiescie-jaskolcza-40m2-mzn2045830141,1980,"54.34385203,18.66231233"
Polanki,1890000,96 m²,4 pokoje,piętro 1/1,https://www.morizon.pl/oferta/sprzedaz-mieszkanie-gdansk-oliwa-polanki-96m2-mzn2045838719,1920,"54.39189088,18.56970268"
Śląska,1890000,23 m²,1 pokój,piętro 2/10,https://www.morizon.pl/oferta/sprzedaz-mieszkanie-gdansk-przymorze-slaska-23m2-mzn2044972770,-1,"54.40647,18.58046"
ul. Piekarnicza,459000,32 m²,2 pokoje,parter,https://www.morizon.pl/oferta/sprzedaz-mieszkanie-gdansk-piecki-migowo-piekarnicza-32m2-mzn2045454816,2027,"54.35122634,18.59009743"
ul. Kartuska,459000,36 m²,1 pokój,piętro 6,https://www.morizon.pl/oferta/sprzedaz-mieszkanie-gdansk-siedlce-kartuska-36m2-mzn2045751806,2025,"54.34971088,18.61558628"
ul. Kartuska,900000,42 m²,2 pokoje,piętro 1,https://www.morizon.pl/oferta/sprzedaz-mieszkanie-gdansk-siedlce-kartuska-42m2-mzn2045751653,2025,"54.34971088,18.61558628"
ul. Kamienna Grobla 28/29,900000,71 m²,3 pokoje,piętro 1,https://www.morizon.pl/oferta/sprzedaz-mieszkanie-gdansk-srodmiescie-kamienna-grobla-28-29-71m2-mzn2044899827,2025,"54.34173107,18.65604258"
ul. Malinowa,799000,43 m²,2 pokoje,parter,https://www.morizon.pl/oferta/sprzedaz-mieszkanie-gdansk-osowa-malinowa-43m2-mzn2044820671,2026,"54.4186646,18.4793815"
Tartaczna,799000,46 m²,2 pokoje,piętro 3/5,https://www.morizon.pl/oferta/sprzedaz-mieszkanie-gdansk-srodmiescie-tartaczna-46m2-mzn2045837437,2013,"54.35438,18.65617"
Sienna Grobla,730000,37 m²,2 pokoje,parter/3,https://www.morizon.pl/oferta/sprzedaz-mieszkanie-gdansk-srodmiescie-sienna-grobla-37m2-mzn2045836801,2022,"54.35657,18.66701"
ul. Leszczyńskich 2,730000,61 m²,3 pokoje,piętro 5/5,https://www.morizon.pl/oferta/sprzedaz-mieszkanie-gdansk-zaspa-leszczynskich-2-61m2-mzn2045553739,2026,"54.39530109,18.61680508"
Starowiejska,743055,46 m²,2 pokoje,piętro 6/18,https://www.morizon.pl/oferta/sprzedaz-mieszkanie-gdansk-letnica-starowiejska-46m2-mzn2045746128,2025,"54.3947715,18.6469624"
Pilotów 21,743055,42 m²,2 pokoje,parter/5,https://www.morizon.pl/oferta/sprzedaz-mieszkanie-gdansk-zaspa-pilotow-21-42m2-mzn2042015918,2023,"54.3964051,18.6017672"
Wałowa,750000,35 m²,2 pokoje,piętro 2/17,https://www.morizon.pl/oferta/sprzedaz-mieszkanie-gdansk-srodmiescie-walowa-35m2-mzn2044710963,2017,"54.35906,18.65288"
Ks. Jerzego Popiełuszki,750000,76 m²,3 pokoje,piętro 9/9,https://www.morizon.pl/oferta/sprzedaz-mieszkanie-gdansk-mlyniska-ks-jerzego-popieluszki-76m2-mzn2045876699,2025,"54.3630456,18.6488883"
Śląska,1850000,83 m²,3 pokoje,piętro 6/6,https://www.morizon.pl/oferta/sprzedaz-mieszkanie-gdansk-przymorze-slaska-83m2-mzn2045876603,2020,"54.4076451,18.5767311"
Henryka Arctowskiego,1850000,78 m²,4 pokoje,piętro 1/4,https://www.morizon.pl/oferta/sprzedaz-mieszkanie-gdansk-piecki-migowo-henryka-arctowskiego-78m2-mzn2045873432,1978,"54.3592936,18.5866637"
Mariana Seredyńskiego,2160000,107 m²,4 pokoje,piętro 1/3,https://www.morizon.pl/oferta/sprzedaz-mieszkanie-gdansk-srodmiescie-mariana-seredynskiego-107m2-mzn2045868464,1904,"54.3494059,18.6662911"
Łąkowa,2160000,120 m²,4 pokoje,piętro 1/4,https://www.morizon.pl/oferta/sprzedaz-mieszkanie-gdansk-srodmiescie-lakowa-120m2-mzn2045844000,1898,"54.34252,18.66128"
ul. Kamienna Grobla 28/29,799000,31 m²,1 pokój,piętro 1,https://www.morizon.pl/oferta/sprzedaz-mieszkanie-gdansk-srodmiescie-kamienna-grobla-28-29-31m2-mzn2044899881,2025,"54.34173107,18.65604258"
Jacka Malczewskiego,799000,42 m²,2 pokoje,piętro 3/3,https://www.morizon.pl/oferta/sprzedaz-mieszkanie-gdansk-siedlce-jacka-malczewskiego-42m2-mzn2045775243,2012,"54.3468119,18.6188842"
ul. Malinowa,1240000,28 m²,2 pokoje,piętro 1,https://www.morizon.pl/oferta/sprzedaz-mieszkanie-gdansk-osowa-malinowa-28m2-mzn2044820591,2026,"54.4186646,18.4793815"
Kielnieńska,1240000,45 m²,2 pokoje,parter/3,https://www.morizon.pl/oferta/sprzedaz-mieszkanie-gdansk-osowa-kielnienska-45m2-mzn2045746201,2006,"54.435473,18.4630361"
ul. Leszczyńskich 2,2350000,52 m²,3 pokoje,piętro 4/5,https://www.morizon.pl/oferta/sprzedaz-mieszkanie-gdansk-zaspa-leszczynskich-2-52m2-mzn2045553732,2026,"54.39530109,18.61680508"
Siennicka,2350000,33 m²,2 pokoje,piętro 2/3,https://www.morizon.pl/oferta/sprzedaz-mieszkanie-gdansk-srodmiescie-siennicka-33m2-mzn2045795530,1939,"54.350168,18.669654"
Jana Bażyńskiego,799000,115 m²,4 pokoje,piętro 2/3,https://www.morizon.pl/oferta/sprzedaz-mieszkanie-gdansk-oliwa-jana-bazynskiego-115m2-mzn2045712750,2024,"54.3995566,18.5698469"
Wrzeszcz,799000,130 m²,5 pokoi,piętro 9/10,https://www.morizon.pl/oferta/sprzedaz-mieszkanie-gdansk-wrzeszcz-130m2-mzn2045354672,2025,"54.38895,18.6234"
Sienna Grobla,579000,130 m²,4 pokoje,piętro 2/5,https://www.morizon.pl/oferta/sprzedaz-mieszkanie-gdansk-srodmiescie-sienna-grobla-130m2-mzn2045354670,2023,"54.35671,18.66722"
Pilotów 21,579000,36 m²,1 pokój,piętro 5/5,https://www.morizon.pl/oferta/sprzedaz-mieszkanie-gdansk-zaspa-pilotow-21-36m2-mzn2042015952,2023,"54.3964051,18.6017672"
Stanisława Lema,544900,81 m²,3 pokoje,piętro 17/17,https://www.morizon.pl/oferta/sprzedaz-mieszkanie-gdansk-piecki-migowo-stanislawa-lema-81m2-mzn2044804322,2019,"54.35097,18.58649"
Bolesława Leśmiana,544900,103 m²,3 pokoje,piętro 4/6,https://www.morizon.pl/oferta/sprzedaz-mieszkanie-gdansk-wrzeszcz-boleslawa-lesmiana-103m2-mzn2044622427,2021,"54.38153,18.58754"
Artura Grottgera,2759669,102 m²,3 pokoje,parter/2,https://www.morizon.pl/oferta/sprzedaz-mieszkanie-gdansk-oliwa-artura-grottgera-102m2-mzn2044967085,1928,"54.40305,18.56276"
Szafarnia,2759669,116 m²,4 pokoje,piętro 3/5,https://www.morizon.pl/oferta/sprzedaz-mieszkanie-gdansk-srodmiescie-szafarnia-116m2-mzn2044710838,2014,"54.34993,18.66118"
al. Legionów,2640359,65 m²,3 pokoje,parter/3,https://www.morizon.pl/oferta/sprzedaz-mieszkanie-gdansk-wrzeszcz-aleja-legionow-65m2-mzn2045674179,1970,"54.38836,18.60907"
Łąkowa,2640359,92 m²,4 pokoje,piętro 3/5,https://www.morizon.pl/oferta/sprzedaz-mieszkanie-gdansk-srodmiescie-lakowa-92m2-mzn2045394190,2024,"54.34508,18.64785"
Piastowska,2970000,74 m²,2 pokoje,piętro 2/3,https://www.morizon.pl/oferta/sprzedaz-mieszkanie-gdansk-zabianka-wejhera-jelitkowo-tysiaclecia-piastowska-74m2-mzn2045072664,2007,"54.4159426,18.5854981"
Wrzeszcz,2970000,99 m²,5 pokoi,piętro 7/10,https://www.morizon.pl/oferta/sprzedaz-mieszkanie-gdansk-wrzeszcz-99m2-mzn2045354658,2025,"54.38895,18.6234"
Wrzeszcz,687989,112 m²,5 pokoi,piętro 8/10,https://www.morizon.pl/oferta/sprzedaz-mieszkanie-gdansk-wrzeszcz-112m2-mzn2045354659,2025,"54.38895,18.6234"
Obrońców Wybrzeża,2090000,65 m²,3 pokoje,piętro 11/17,https://www.morizon.pl/oferta/sprzedaz-mieszkanie-gdansk-przymorze-obroncow-wybrzeza-65m2-mzn2045844714,2018,"54.4108376,18.5966348"
Niepołomicka,2090000,69 m²,3 pokoje,piętro 2/2,https://www.morizon.pl/oferta/sprzedaz-mieszkanie-gdansk-orunia-gorna-gdansk-poludnie-niepolomicka-69m2-mzn2045087599,2019,"54.30593321,18.60075474"
Chmielna,785000,56 m²,1 pokój,piętro 6/6,https://www.morizon.pl/oferta/sprzedaz-mieszkanie-gdansk-srodmiescie-chmielna-56m2-mzn2044960651,2024,"54.3481485,18.6578566"
Chmielna,785000,66 m²,1 pokój,piętro 3/6,https://www.morizon.pl/oferta/sprzedaz-mieszkanie-gdansk-srodmiescie-chmielna-66m2-mzn2044960650,2024,"54.3481485,18.6578566"
Bursztynowa,1785015,90 m²,4 pokoje,piętro 1/3,https://www.morizon.pl/oferta/sprzedaz-mieszkanie-gdansk-zabianka-wejhera-jelitkowo-tysiaclecia-bursztynowa-90m2-mzn2043138041,2017,"54.4268444,18.5963633"
Chmielna,1785015,77 m²,1 pokój,piętro 6/6,https://www.morizon.pl/oferta/sprzedaz-mieszkanie-gdansk-srodmiescie-chmielna-77m2-mzn2044960648,2024,"54.3481485,18.6578566"
Stara Stocznia,1943515,95 m²,4 pokoje,piętro 5/6,https://www.morizon.pl/oferta/sprzedaz-mieszkanie-gdansk-srodmiescie-stara-stocznia-95m2-mzn2045376633,2023,"54.35584,18.66169"
Stara Stocznia,1943515,95 m²,4 pokoje,piętro 5/6,https://www.morizon.pl/oferta/sprzedaz-mieszkanie-gdansk-srodmiescie-stara-stocznia-95m2-mzn2045376632,2023,"54.35584,18.66169"
Św. Ducha,3500000,55 m²,3 pokoje,piętro 2/4,https://www.morizon.pl/oferta/sprzedaz-mieszkanie-gdansk-srodmiescie-sw-ducha-55m2-mzn2044365339,2010,"54.35033,18.65379"
Opacka,3500000,93 m²,3 pokoje,piętro 2/3,https://www.morizon.pl/oferta/sprzedaz-mieszkanie-gdansk-oliwa-opacka-93m2-mzn2043842899,2022,"54.41267,18.55989"
Sienna Grobla,2030800,89 m²,4 pokoje,piętro 5/5,https://www.morizon.pl/oferta/sprzedaz-mieszkanie-gdansk-srodmiescie-sienna-grobla-89m2-mzn2045128544,2024,"54.35671,18.66722"
Stara Stocznia,2030800,73 m²,3 pokoje,piętro 1/6,https://www.morizon.pl/oferta/sprzedaz-mieszkanie-gdansk-srodmiescie-stara-stocznia-73m2-mzn2045282510,2023,"54.35584,18.66169"
Sienna Grobla,2070773,77 m²,3 pokoje,piętro 1/4,https://www.morizon.pl/oferta/sprzedaz-mieszkanie-gdansk-srodmiescie-sienna-grobla-77m2-mzn2044104599,2023,"54.35203,18.64664"
Chłopska,2070773,43 m²,2 pokoje,piętro 4/4,https://www.morizon.pl/oferta/sprzedaz-mieszkanie-gdansk-przymorze-chlopska-43m2-mzn2045354716,-1,"54.40688,18.59245"
Letnicka,2070773,41 m²,2 pokoje,piętro 4/5,https://www.morizon.pl/oferta/sprzedaz-mieszkanie-gdansk-letnica-aleksandra-rozankowskiego-41m2-mzn2045870943,2025,"54.4030119,18.6522102"
Śródmieście,2070773,30 m²,2 pokoje,piętro 1/4,https://www.morizon.pl/oferta/sprzedaz-mieszkanie-gdansk-srodmiescie-30m2-mzn2045837655,2024,"54.35114,18.67415"
Ks. Jerzego Popiełuszki,1199000,82 m²,4 pokoje,piętro 6/7,https://www.morizon.pl/oferta/sprzedaz-mieszkanie-gdansk-srodmiescie-ks-jerzego-popieluszki-82m2-mzn2045871581,2022,"54.3604,18.65471"
Ks. Jerzego Popiełuszki,1199000,59 m²,3 pokoje,piętro 1/6,https://www.morizon.pl/oferta/sprzedaz-mieszkanie-gdansk-srodmiescie-ks-jerzego-popieluszki-59m2-mzn2045850227,2025,"54.3609142,18.6543511"
Ks. Jerzego Popiełuszki,2244996,68 m²,3 pokoje,piętro 4/6,https://www.morizon.pl/oferta/sprzedaz-mieszkanie-gdansk-srodmiescie-ks-jerzego-popieluszki-68m2-mzn2045859639,2025,"54.3610143,18.6541795"
ul. Wielkopolska,2244996,31 m²,1 pokój,piętro 4,https://www.morizon.pl/oferta/sprzedaz-mieszkanie-gdansk-ujescisko-lostowice-wielkopolska-31m2-mzn2044874482,2025,"54.3111909,18.58993292"
ul. Wielkopolska,1800000,31 m²,1 pokój,piętro 5,https://www.morizon.pl/oferta/sprzedaz-mieszkanie-gdansk-ujescisko-lostowice-wielkopolska-31m2-mzn2044874476,2025,"54.3111909,18.58993292"
ul. Wielkopolska,1800000,40 m²,2 pokoje,piętro 5,https://www.morizon.pl/oferta/sprzedaz-mieszkanie-gdansk-ujescisko-lostowice-wielkopolska-40m2-mzn2044874470,2025,"54.3111909,18.58993292"
ul. Wielkopolska,1632552,43 m²,2 pokoje,parter,https://www.morizon.pl/oferta/sprzedaz-mieszkanie-gdansk-ujescisko-lostowice-wielkopolska-43m2-mzn2044874458,2025,"54.3111909,18.58993292"
ul. Wielkopolska,1632552,43 m²,2 pokoje,piętro 5,https://www.morizon.pl/oferta/sprzedaz-mieszkanie-gdansk-ujescisko-lostowice-wielkopolska-43m2-mzn2044874469,2025,"54.3111909,18.58993292"
ul. Wielkopolska,1925000,44 m²,2 pokoje,parter,https://www.morizon.pl/oferta/sprzedaz-mieszkanie-gdansk-ujescisko-lostowice-wielkopolska-44m2-mzn2044874490,2025,"54.3111909,18.58993292"
ul. Wielkopolska,1925000,66 m²,3 pokoje,parter,https://www.morizon.pl/oferta/sprzedaz-mieszkanie-gdansk-ujescisko-lostowice-wielkopolska-66m2-mzn2044874473,2025,"54.3111909,18.58993292"
ul. Cedrowa,675000,70 m²,3 pokoje,piętro 1/3,https://www.morizon.pl/oferta/sprzedaz-mieszkanie-gdansk-ujescisko-lostowice-cedrowa-70m2-mzn2043416461,2025,"54.33732026,18.58573437"
ul. Cedrowa,675000,68 m²,3 pokoje,piętro 1/3,https://www.morizon.pl/oferta/sprzedaz-mieszkanie-gdansk-ujescisko-lostowice-cedrowa-68m2-mzn2043416465,2025,"54.33732026,18.58573437"
ul. Cedrowa,760000,70 m²,3 pokoje,piętro 3/3,https://www.morizon.pl/oferta/sprzedaz-mieszkanie-gdansk-ujescisko-lostowice-cedrowa-70m2-mzn2044094759,2025,"54.33732026,18.58573437"
ul. Cedrowa,760000,74 m²,4 pokoje,piętro 2/3,https://www.morizon.pl/oferta/sprzedaz-mieszkanie-gdansk-ujescisko-lostowice-cedrowa-74m2-mzn2044094756,2025,"54.33732026,18.58573437"
Sebastiana Klonowicza,441139,42 m²,2 pokoje,parter/1,https://www.morizon.pl/oferta/sprzedaz-mieszkanie-gdansk-wrzeszcz-sebastiana-klonowicza-42m2-mzn2045834970,1930,"54.3855265,18.6270766"
Leszczynowa,441139,64 m²,3 pokoje,parter/2,https://www.morizon.pl/oferta/sprzedaz-mieszkanie-gdansk-jasien-leszczynowa-64m2-mzn2045851145,2012,"54.3348953,18.5596224"
Chłopska,2200000,27 m²,1 pokój,piętro 3/4,https://www.morizon.pl/oferta/sprzedaz-mieszkanie-gdansk-przymorze-chlopska-27m2-mzn2045846567,1978,"54.406098,18.5911349"
Zaspa-Rozstaje,2200000,48 m²,2 pokoje,piętro 4/10,https://www.morizon.pl/oferta/sprzedaz-mieszkanie-gdansk-zaspa-48m2-mzn2045786352,1979,"54.3953,18.6125"
Jacka Malczewskiego,1303000,49 m²,3 pokoje,piętro 2/4,https://www.morizon.pl/oferta/sprzedaz-mieszkanie-gdansk-siedlce-jacka-malczewskiego-49m2-mzn2045862867,1960,"54.3483447,18.6218918"
Nadmorski Dwór,1303000,50 m²,2 pokoje,piętro 2/3,https://www.morizon.pl/oferta/sprzedaz-mieszkanie-gdansk-brzezno-nadmorski-dwor-50m2-mzn2045815426,2011,"54.4078162,18.6198113"
Żywiecka,1496000,45 m²,2 pokoje,piętro 1/2,https://www.morizon.pl/oferta/sprzedaz-mieszkanie-gdansk-wrzeszcz-zywiecka-45m2-mzn2045830170,-1,"54.38554,18.62447"
Ukośna,459900,40 m²,2 pokoje,parter/2,https://www.morizon.pl/oferta/sprzedaz-mieszkanie-gdansk-orunia-sw-wojciech-lipce-ukosna-40m2-mzn2044857847,-1,"54.324881,18.6345344"
Leszczynowa,459900,49 m²,2 pokoje,piętro 2/3,https://www.morizon.pl/oferta/sprzedaz-mieszkanie-gdansk-jasien-leszczynowa-49m2-mzn2045628337,2018,"54.3396,18.5603"
Leszczynowa,649000,64 m²,3 pokoje,parter/1,https://www.morizon.pl/oferta/sprzedaz-mieszkanie-gdansk-jasien-leszczynowa-64m2-mzn2045851382,2012,"54.3349078,18.5595366"
al. Gen. Józefa Hallera,649000,47 m²,2 pokoje,piętro 4/5,https://www.morizon.pl/oferta/sprzedaz-mieszkanie-gdansk-wrzeszcz-aleja-gen-jozefa-hallera-47m2-mzn2045862422,2019,"54.38345581,18.61527673"
Żwirki i Wigury,850000,48 m²,2 pokoje,piętro 2/10,https://www.morizon.pl/oferta/sprzedaz-mieszkanie-gdansk-zaspa-zwirki-i-wigury-48m2-mzn2045773739,1977,"54.3919,18.6094"
Śródmieście,850000,26 m²,1 pokój,piętro 3/4,https://www.morizon.pl/oferta/sprzedaz-mieszkanie-gdansk-srodmiescie-26m2-mzn2045648728,2025,"54.34874,18.66319"
ul. Wielkopolska 66,880000,71 m²,4 pokoje,piętro 1/5,https://www.morizon.pl/oferta/sprzedaz-mieszkanie-gdansk-ujescisko-lostowice-wielkopolska-66-71m2-mzn2041332167,2021,"54.30864341,18.5868609"
Sucha,880000,90 m²,4 pokoje,piętro 16/16,https://www.morizon.pl/oferta/sprzedaz-mieszkanie-gdansk-letnica-sucha-90m2-mzn2045705311,2020,"54.39463,18.6434832"
ul. Jesionowa 6b,699000,49 m²,2 pokoje,parter/5,https://www.morizon.pl/oferta/sprzedaz-mieszkanie-gdansk-wrzeszcz-jesionowa-6b-49m2-mzn2044770953,2026,"54.37992002,18.59714985"
Chłopska,699000,30 m²,1 pokój,piętro 1/4,https://www.morizon.pl/oferta/sprzedaz-mieszkanie-gdansk-przymorze-chlopska-30m2-mzn2045844035,1966,"54.4147,18.5882"
Juliusza Słowackiego,279201,29 m²,1 pokój,piętro 3/3,https://www.morizon.pl/oferta/sprzedaz-mieszkanie-gdansk-wrzeszcz-juliusza-slowackiego-29m2-mzn2045648942,1960,"54.38014,18.58434"
Wileńska,279201,67 m²,3 pokoje,piętro 10/10,https://www.morizon.pl/oferta/sprzedaz-mieszkanie-gdansk-piecki-migowo-wilenska-67m2-mzn2045718514,1978,"54.3616,18.59964"
Koprowskiego,1999000,64 m²,3 pokoje,piętro 1/3,https://www.morizon.pl/oferta/sprzedaz-mieszkanie-gdansk-orunia-gorna-gdansk-poludnie-hilarego-koprowskiego-64m2-mzn2045774459,2022,"54.31144126,18.60852242"
Piekarnicza,1999000,50 m²,2 pokoje,piętro 1/3,https://www.morizon.pl/oferta/sprzedaz-mieszkanie-gdansk-piecki-migowo-piekarnicza-50m2-mzn2045554499,2006,"54.3505,18.58351"
Piastowska,440000,45 m²,2 pokoje,piętro 1/4,https://www.morizon.pl/oferta/sprzedaz-mieszkanie-gdansk-przymorze-piastowska-45m2-mzn2045647317,1965,"54.41556,18.5944"
Lawendowe Wzgórze,440000,46 m²,3 pokoje,piętro 4/4,https://www.morizon.pl/oferta/sprzedaz-mieszkanie-gdansk-jasien-lawendowe-wzgorze-46m2-mzn2045755996,2018,"54.3272296,18.563511"
Hery,490000,66 m²,3 pokoje,piętro 1/3,https://www.morizon.pl/oferta/sprzedaz-mieszkanie-gdansk-osowa-hery-66m2-mzn2045509754,2008,"54.42051,18.47674"
Prof. Mariana Osińskiego,490000,95 m²,4 pokoje,piętro 1/5,https://www.morizon.pl/oferta/sprzedaz-mieszkanie-gdansk-jasien-prof-mariana-osinskiego-95m2-mzn2045509909,2022,"54.34997,18.53739"
Polanki,699000,140 m²,6 pokoi,piętro 2/2,https://www.morizon.pl/oferta/sprzedaz-mieszkanie-gdansk-oliwa-polanki-140m2-mzn2045509646,1890,"54.40539,18.56025"
Marsz. Ferdynanda Focha,699000,140 m²,5 pokoi,piętro 2/2,https://www.morizon.pl/oferta/sprzedaz-mieszkanie-gdansk-aniolki-focha-140m2-mzn2045626494,1994,"54.3591,18.6266"
Chmielna,729000,56 m²,2 pokoje,piętro 5/7,https://www.morizon.pl/oferta/sprzedaz-mieszkanie-gdansk-srodmiescie-chmielna-56m2-mzn2045623355,2019,"54.34574,18.65587"
Bolesława Chrobrego,729000,27 m²,1 pokój,piętro 1/2,https://www.morizon.pl/oferta/sprzedaz-mieszkanie-gdansk-wrzeszcz-boleslawa-chrobrego-27m2-mzn2045854680,1920,"54.3854368,18.6160176"
al. Jana Pawła II,750000,49 m²,2 pokoje,piętro 4/4,https://www.morizon.pl/oferta/sprzedaz-mieszkanie-gdansk-zaspa-jana-pawla-ii-49m2-mzn2045840555,-1,"54.390711,18.598805"
Jelitkowski Dwór,750000,55 m²,3 pokoje,piętro 2/3,https://www.morizon.pl/oferta/sprzedaz-mieszkanie-gdansk-przymorze-jelitkowski-dwor-55m2-mzn2045768863,2010,"54.4054,18.6099"
Sympatyczna,600000,85 m²,4 pokoje,piętro 1/4,https://www.morizon.pl/oferta/sprzedaz-mieszkanie-gdansk-sympatyczna-85m2-mzn2045558306,2007,"54.35097,18.53001"
Artura Grottgera,600000,48 m²,2 pokoje,piętro 1/4,https://www.morizon.pl/oferta/sprzedaz-mieszkanie-gdansk-artura-grottgera-48m2-mzn2045659669,2024,"54.39903,18.56585"
Starowiejska,675000,48 m²,2 pokoje,piętro 3/18,https://www.morizon.pl/oferta/sprzedaz-mieszkanie-gdansk-letnica-starowiejska-48m2-mzn2045719476,2025,"54.3953089,18.6466291"
al. Grunwaldzka,675000,54 m²,2 pokoje,piętro 2/7,https://www.morizon.pl/oferta/sprzedaz-mieszkanie-gdansk-wrzeszcz-grunwaldzka-54m2-mzn2045392721,1983,"54.37545,18.61477"
Bolesława Chrobrego,749000,59 m²,3 pokoje,parter/3,https://www.morizon.pl/oferta/sprzedaz-mieszkanie-gdansk-wrzeszcz-boleslawa-chrobrego-59m2-mzn2045359878,2017,"54.39822,18.61838"
Henryka Rodakowskiego,749000,26 m²,1 pokój,piętro 6/10,https://www.morizon.pl/oferta/sprzedaz-mieszkanie-gdansk-strzyza-henryka-rodakowskiego-26m2-mzn2045857469,1980,"54.3868178,18.5699791"
Marynarki Polskiej,1590000,57 m²,2 pokoje,parter/3,https://www.morizon.pl/oferta/sprzedaz-mieszkanie-gdansk-nowy-port-marynarki-polskiej-57m2-mzn2045853857,-1,"54.3986761,18.6681653"
Bolesława Krzywoustego,1590000,79 m²,3 pokoje,piętro 2/4,https://www.morizon.pl/oferta/sprzedaz-mieszkanie-gdansk-przymorze-boleslawa-krzywoustego-79m2-mzn2045295497,2011,"54.41373,18.58229"
Leśna Góra,1899000,49 m²,2 pokoje,piętro 8/10,https://www.morizon.pl/oferta/sprzedaz-mieszkanie-gdansk-bretowo-lesna-gora-49m2-mzn2045641338,1981,"54.37394,18.56263"
Targ Rybny,1899000,51 m²,2 pokoje,piętro 2/3,https://www.morizon.pl/oferta/sprzedaz-mieszkanie-gdansk-srodmiescie-targ-rybny-51m2-mzn2045287650,1955,"54.35254,18.65742"
Wrocławska,1350000,102 m²,3 pokoje,piętro 1/1,https://www.morizon.pl/oferta/sprzedaz-mieszkanie-gdansk-aniolki-wroclawska-102m2-mzn2045127449,1930,"54.3560087,18.6338081"
Letnica,1350000,85 m²,3 pokoje,piętro 15/17,https://www.morizon.pl/oferta/sprzedaz-mieszkanie-gdansk-letnica-85m2-mzn2044736387,2021,"54.39538,18.64324"
Starowiejska,2060000,41 m²,2 pokoje,piętro 3/17,https://www.morizon.pl/oferta/sprzedaz-mieszkanie-gdansk-letnica-starowiejska-41m2-mzn2045334671,2024,"54.3948,18.647"
Niepołomicka,785000,69 m²,3 pokoje,piętro 2/2,https://www.morizon.pl/oferta/sprzedaz-mieszkanie-gdansk-orunia-gorna-gdansk-poludnie-niepolomicka-69m2-mzn2045087599,2019,"54.30593321,18.60075474"
Śląska,785000,23 m²,1 pokój,piętro 2/10,https://www.morizon.pl/oferta/sprzedaz-mieszkanie-gdansk-przymorze-slaska-23m2-mzn2044972770,-1,"54.40647,18.58046"
Ostrołęcka,459000,82 m²,4 pokoje,parter/5,https://www.morizon.pl/oferta/sprzedaz-mieszkanie-gdansk-ujescisko-lostowice-ostrolecka-82m2-mzn2045666578,2000,"54.33006,18.58609"
Jagiellońska,459000,62 m²,3 pokoje,piętro 7/12,https://www.morizon.pl/oferta/sprzedaz-mieszkanie-gdansk-przymorze-jagiellonska-62m2-mzn2044819542,2024,"54.41416,18.59687"
Niepołomicka,870000,54 m²,3 pokoje,parter/4,https://www.morizon.pl/oferta/sprzedaz-mieszkanie-gdansk-ujescisko-lostowice-niepolomicka-54m2-mzn2045151553,2022,"54.3147448,18.594301"
Heleny,870000,63 m²,3 pokoje,piętro 1/3,https://www.morizon.pl/oferta/sprzedaz-mieszkanie-gdansk-osowa-heleny-63m2-mzn2045641135,2024,"54.42252,18.47577"
Gdańsk,1880000,54 m²,3 pokoje,piętro 15/16,https://www.morizon.pl/oferta/sprzedaz-mieszkanie-gdansk-54m2-mzn2040543337,2022,"54.3520252,18.6466384"
Granitowa,1880000,52 m²,3 pokoje,piętro 6/10,https://www.morizon.pl/oferta/sprzedaz-mieszkanie-gdansk-orunia-sw-wojciech-lipce-granitowa-52m2-mzn2045641417,1971,"54.324881,18.6345344"
Trakt Św. Wojciecha,670000,47 m²,2 pokoje,piętro 1/2,https://www.morizon.pl/oferta/sprzedaz-mieszkanie-gdansk-orunia-gorna-gdansk-poludnie-trakt-sw-wojciecha-47m2-mzn2045670159,2014,"54.31144126,18.60852242"
Magellana,670000,47 m²,2 pokoje,piętro 2/4,https://www.morizon.pl/oferta/sprzedaz-mieszkanie-gdansk-piecki-migowo-magellana-47m2-mzn2045854755,2024,"54.3632476,18.5822592"
Starowiejska,791125,57 m²,3 pokoje,piętro 5/6,https://www.morizon.pl/oferta/sprzedaz-mieszkanie-gdansk-letnica-starowiejska-57m2-mzn2045122320,2018,"54.39531,18.64663"
Czerska,791125,36 m²,1 pokój,piętro 2/3,https://www.morizon.pl/oferta/sprzedaz-mieszkanie-gdansk-orunia-gorna-gdansk-poludnie-czerska-36m2-mzn2044540077,2025,"54.2983,18.6106"
Tandeta,999000,36 m²,1 pokój,piętro 1/4,https://www.morizon.pl/oferta/sprzedaz-mieszkanie-gdansk-srodmiescie-tandeta-36m2-mzn2045416742,2012,"54.35133,18.65553"
Angielska Grobla,999000,45 m²,2 pokoje,piętro 5/6,https://www.morizon.pl/oferta/sprzedaz-mieszkanie-gdansk-srodmiescie-angielska-grobla-45m2-mzn2045375599,2021,"54.35038,18.6619"
Kazimierza Leskiego,529000,47 m²,3 pokoje,piętro 2/3,https://www.morizon.pl/oferta/sprzedaz-mieszkanie-gdansk-jasien-kazimierza-leskiego-47m2-mzn2045786720,2016,"54.3219746,18.5572208"
al. Gen. Józefa Hallera,529000,71 m²,4 pokoje,parter/3,https://www.morizon.pl/oferta/sprzedaz-mieszkanie-gdansk-wrzeszcz-aleja-gen-jozefa-hallera-71m2-mzn2045615382,-1,"54.38473,18.62176"
Obrońców Wybrzeża,619000,155 m²,6 pokoi,piętro 4/10,https://www.morizon.pl/oferta/sprzedaz-mieszkanie-gdansk-przymorze-obroncow-wybrzeza-155m2-mzn2044489905,2020,"54.41001,18.59511"
Wrzeszcz,619000,47 m²,2 pokoje,piętro 1/2,https://www.morizon.pl/oferta/sprzedaz-mieszkanie-gdansk-wrzeszcz-47m2-mzn2045480079,-1,"54.38215,18.61157"
Chmielna,799000,98 m²,3 pokoje,piętro 2/7,https://www.morizon.pl/oferta/sprzedaz-mieszkanie-gdansk-srodmiescie-chmielna-98m2-mzn2036537311,2019,"54.34636,18.65586"
Zakopiańska,799000,38 m²,2 pokoje,piętro 1/3,https://www.morizon.pl/oferta/sprzedaz-mieszkanie-gdansk-siedlce-zakopianska-38m2-mzn2045243065,1980,"54.35087,18.6267"
Ofiar Grudnia 1970 r.,915000,32 m²,1 pokój,piętro 4/4,https://www.morizon.pl/oferta/sprzedaz-mieszkanie-gdansk-ujescisko-lostowice-ofiar-grudnia-70-32m2-mzn2045376126,2024,"54.30735,18.58164"
ul. Czerska 35,915000,33 m²,2 pokoje,piętro 1/5,https://www.morizon.pl/oferta/sprzedaz-mieszkanie-gdansk-orunia-gorna-gdansk-poludnie-czerska-35-33m2-mzn2044908999,2026,"54.2986663,18.6160818"
ul. Czerska 35,375000,33 m²,2 pokoje,piętro 1/5,https://www.morizon.pl/oferta/sprzedaz-mieszkanie-gdansk-orunia-gorna-gdansk-poludnie-czerska-35-33m2-mzn2044908902,2026,"54.2986663,18.6160818"
ul. Czerska 35,375000,35 m²,2 pokoje,piętro 1/5,https://www.morizon.pl/oferta/sprzedaz-mieszkanie-gdansk-orunia-gorna-gdansk-poludnie-czerska-35-35m2-mzn2044908998,2026,"54.2986663,18.6160818"
ul. Czerska 35,749000,53 m²,3 pokoje,piętro 1/5,https://www.morizon.pl/oferta/sprzedaz-mieszkanie-gdansk-orunia-gorna-gdansk-poludnie-czerska-35-53m2-mzn2044908901,2026,"54.2986663,18.6160818"
ul. Czerska 35,749000,53 m²,3 pokoje,piętro 4/5,https://www.morizon.pl/oferta/sprzedaz-mieszkanie-gdansk-orunia-gorna-gdansk-poludnie-czerska-35-53m2-mzn2044909037,2026,"54.2986663,18.6160818"
Olimpijska,1099000,47 m²,2 pokoje,piętro 1/3,https://www.morizon.pl/oferta/sprzedaz-mieszkanie-gdansk-ujescisko-lostowice-olimpijska-47m2-mzn2045175731,2009,"54.30908,18.58919"
ul. Czerska 35,1099000,88 m²,4 pokoje,piętro 3/5,https://www.morizon.pl/oferta/sprzedaz-mieszkanie-gdansk-orunia-gorna-gdansk-poludnie-czerska-35-88m2-mzn2044909023,2026,"54.2986663,18.6160818"
Wałowa,599000,22 m²,1 pokój,piętro 2/3,https://www.morizon.pl/oferta/sprzedaz-mieszkanie-gdansk-srodmiescie-walowa-22m2-mzn2044722576,1920,"54.35893,18.65059"
Gdańsk,599000,48 m²,3 pokoje,parter,https://www.morizon.pl/oferta/sprzedaz-mieszkanie-gdansk-48m2-mzn2045352616,-1,"54.35203,18.64664"
Stanisława Wyspiańskiego,1339000,105 m²,3 pokoje,piętro 3/3,https://www.morizon.pl/oferta/sprzedaz-mieszkanie-gdansk-wrzeszcz-stanislawa-wyspianskiego-105m2-mzn2044740604,1920,"54.38163,18.61576"
Ignacego Krasickiego,1339000,74 m²,3 pokoje,piętro 1/4,https://www.morizon.pl/oferta/sprzedaz-mieszkanie-gdansk-brzezno-ignacego-krasickiego-74m2-mzn2045094238,2016,"54.40528,18.64351"
Ukośna,3720000,40 m²,2 pokoje,parter/2,https://www.morizon.pl/oferta/sprzedaz-mieszkanie-gdansk-orunia-sw-wojciech-lipce-ukosna-40m2-mzn2044857847,-1,"54.324881,18.6345344"
Odrzańska,3720000,57 m²,3 pokoje,parter/2,https://www.morizon.pl/oferta/sprzedaz-mieszkanie-gdansk-chelm-odrzanska-57m2-mzn2045352680,1960,"54.3445,18.627"
Zeusa,559000,54 m²,2 pokoje,piętro 3/3,https://www.morizon.pl/oferta/sprzedaz-mieszkanie-gdansk-osowa-zeusa-54m2-mzn2045196216,2021,"54.4184,18.4583"
Romana Dmowskiego,559000,84 m²,4 pokoje,piętro 3/3,https://www.morizon.pl/oferta/sprzedaz-mieszkanie-gdansk-wrzeszcz-romana-dmowskiego-84m2-mzn2043489636,1960,"54.3795,18.6078"
Obrońców Wybrzeża,3456950,100 m²,4 pokoje,piętro 17/17,https://www.morizon.pl/oferta/sprzedaz-mieszkanie-gdansk-przymorze-obroncow-wybrzeza-100m2-mzn2045354703,2019,"54.4097,18.5917"
Obrońców Wybrzeża,2090000,65 m²,3 pokoje,piętro 11/17,https://www.morizon.pl/oferta/sprzedaz-mieszkanie-gdansk-przymorze-obroncow-wybrzeza-65m2-mzn2045844714,2018,"54.4108376,18.5966348"
Niepołomicka,2090000,69 m²,3 pokoje,piętro 2/2,https://www.morizon.pl/oferta/sprzedaz-mieszkanie-gdansk-orunia-gorna-gdansk-poludnie-niepolomicka-69m2-mzn2045087599,2019,"54.30593321,18.60075474"
Siennicka,785000,27 m²,1 pokój,piętro 3/4,https://www.morizon.pl/oferta/sprzedaz-mieszkanie-gdansk-srodmiescie-siennicka-27m2-mzn2045178249,2025,"54.3529,18.6726"
Wyspa Sobieszewska,785000,61 m²,3 pokoje,piętro 1/1,https://www.morizon.pl/oferta/sprzedaz-mieszkanie-gdansk-wyspa-sobieszewska-61m2-mzn2041362853,2025,"54.3118,18.9164"
Ignacego Krasickiego,289000,46 m²,2 pokoje,piętro 1/4,https://www.morizon.pl/oferta/sprzedaz-mieszkanie-gdansk-brzezno-ignacego-krasickiego-46m2-mzn2045276708,2016,"54.40533,18.64294"
Gdańska,289000,76 m²,3 pokoje,piętro 4/4,https://www.morizon.pl/oferta/sprzedaz-mieszkanie-gdansk-brzezno-gdanska-76m2-mzn2045146018,1976,"54.40563,18.6367"
ul. Sienna Grobla,729000,34 m²,2 pokoje,piętro 2/6,https://www.morizon.pl/oferta/sprzedaz-mieszkanie-gdansk-srodmiescie-sienna-grobla-34m2-mzn2045641560,2022,"54.35539335,18.66808891"
ul. Sienna Grobla,729000,43 m²,2 pokoje,piętro 6/6,https://www.morizon.pl/oferta/sprzedaz-mieszkanie-gdansk-srodmiescie-sienna-grobla-43m2-mzn2045641630,2022,"54.35539335,18.66808891"
ul. Popiełuszki,1265454,31 m²,1 pokój,piętro 5,https://www.morizon.pl/oferta/sprzedaz-mieszkanie-gdansk-srodmiescie-popieluszki-31m2-mzn2045449560,2027,"54.36055742,18.65328312"
al. Jana Pawła II,1265454,49 m²,2 pokoje,piętro 7/11,https://www.morizon.pl/oferta/sprzedaz-mieszkanie-gdansk-zaspa-aleja-jana-pawla-ii-49m2-mzn2045850362,2015,"54.4000315,18.6048613"
Maurycego Beniowskiego,875000,43 m²,2 pokoje,piętro 3/3,https://www.morizon.pl/oferta/sprzedaz-mieszkanie-gdansk-przymorze-maurycego-beniowskiego-43m2-mzn2045876393,1958,"54.4124515,18.5766763"
Zbigniewa Podleckiego,875000,31 m²,1 pokój,piętro 3/3,https://www.morizon.pl/oferta/sprzedaz-mieszkanie-gdansk-ujescisko-lostowice-zbigniewa-podleckiego-31m2-mzn2045854100,2013,"54.3075447,18.5936725"
al. Jana Pawła II,1099000,50 m²,2 pokoje,piętro 9/12,https://www.morizon.pl/oferta/sprzedaz-mieszkanie-gdansk-zaspa-aleja-jana-pawla-ii-50m2-mzn2045867187,2013,"54.3970455,18.6003247"
Sympatyczna,1099000,52 m²,2 pokoje,piętro 1/4,https://www.morizon.pl/oferta/sprzedaz-mieszkanie-gdansk-jasien-sympatyczna-52m2-mzn2045775038,2007,"54.3506,18.53007"
Jabłoniowa,499000,62 m²,3 pokoje,piętro 5/5,https://www.morizon.pl/oferta/sprzedaz-mieszkanie-gdansk-jasien-jabloniowa-62m2-mzn2045175907,2012,"54.33138,18.56874"
Kołobrzeska,499000,35 m²,2 pokoje,parter/4,https://www.morizon.pl/oferta/sprzedaz-mieszkanie-gdansk-przymorze-kolobrzeska-35m2-mzn2045376200,1980,"54.40508,18.59289"
Tadeusza Jasińskiego,429000,44 m²,2 pokoje,piętro 1/3,https://www.morizon.pl/oferta/sprzedaz-mieszkanie-gdansk-jasien-tadeusza-jasinskiego-44m2-mzn2045554367,2024,"54.33617,18.54304"
Sienna Grobla,429000,77 m²,3 pokoje,piętro 3/4,https://www.morizon.pl/oferta/sprzedaz-mieszkanie-gdansk-srodmiescie-sienna-grobla-77m2-mzn2044499412,2024,"54.356569,18.667013"
Wyspa Sobieszewska,900000,36 m²,2 pokoje,parter/1,https://www.morizon.pl/oferta/sprzedaz-mieszkanie-gdansk-wyspa-sobieszewska-36m2-mzn2045080876,2025,"54.3506,18.8192"
Dolne Migowo,900000,104 m²,4 pokoje,piętro 4/4,https://www.morizon.pl/oferta/sprzedaz-mieszkanie-gdansk-piecki-migowo-dolne-migowo-104m2-mzn2045845288,2024,"54.3598144,18.5698507"
ul. Popiełuszki,649000,38 m²,2 pokoje,piętro 1,https://www.morizon.pl/oferta/sprzedaz-mieszkanie-gdansk-srodmiescie-popieluszki-38m2-mzn2045449505,2027,"54.36055742,18.65328312"
Gdańsk,649000,68 m²,3 pokoje,piętro 1/3,https://www.morizon.pl/oferta/sprzedaz-mieszkanie-gdansk-68m2-mzn2045874150,2012,"54.35466,18.65311"
Morelowa,779000,51 m²,3 pokoje,piętro 2/4,https://www.morizon.pl/oferta/sprzedaz-mieszkanie-gdansk-jasien-morelowa-51m2-mzn2045830239,2018,"54.3307628,18.5595042"
Łozy,779000,69 m²,4 pokoje,piętro 2/4,https://www.morizon.pl/oferta/sprzedaz-mieszkanie-gdansk-brzezno-lozy-69m2-mzn2045712799,1975,"54.4032624,18.6378272"
Marcina Dragana,545000,50 m²,2 pokoje,parter/4,https://www.morizon.pl/oferta/sprzedaz-mieszkanie-gdansk-chelm-dragana-50m2-mzn2045840159,1980,"54.3397308,18.6134497"
Koziorożca,545000,142 m²,5 pokoi,piętro 2/2,https://www.morizon.pl/oferta/sprzedaz-mieszkanie-gdansk-osowa-koziorozca-142m2-mzn2045819039,2018,"54.41730774,18.46971373"
Bliźniąt,572000,65 m²,4 pokoje,piętro 2/3,https://www.morizon.pl/oferta/sprzedaz-mieszkanie-gdansk-osowa-blizniat-65m2-mzn2045733115,2005,"54.4270776,18.4809202"
Gdańska,572000,50 m²,2 pokoje,parter/3,https://www.morizon.pl/oferta/sprzedaz-mieszkanie-gdansk-brzezno-gdanska-50m2-mzn2045870722,2024,"54.4018717,18.6331513"
Śląska,1600000,50 m²,2 pokoje,piętro 2/3,https://www.morizon.pl/oferta/sprzedaz-mieszkanie-gdansk-przymorze-slaska-50m2-mzn2045876294,1960,"54.4064054,18.5816869"
Dolne Miasto,1600000,28 m²,2 pokoje,piętro 4/4,https://www.morizon.pl/oferta/sprzedaz-mieszkanie-gdansk-srodmiescie-28m2-mzn2045851868,-1,"54.34385203,18.66231233"
Gdańsk,559000,57 m²,3 pokoje,piętro 3/4,https://www.morizon.pl/oferta/sprzedaz-mieszkanie-gdansk-57m2-mzn2045876157,-1,"54.3520252,18.6466384"
Władysława Cieszyńskiego,559000,63 m²,4 pokoje,piętro 3/3,https://www.morizon.pl/oferta/sprzedaz-mieszkanie-gdansk-chelm-cieszynskiego-63m2-mzn2045628669,-1,"54.3366519,18.6102579"
Chałubińskiego,2178000,52 m²,2 pokoje,piętro 7/7,https://www.morizon.pl/oferta/sprzedaz-mieszkanie-gdansk-chelm-chalubinskiego-52m2-mzn2045622897,1978,"54.3410835,18.6199917"
Uranowa,2178000,61 m²,3 pokoje,piętro 1/4,https://www.morizon.pl/oferta/sprzedaz-mieszkanie-gdansk-uranowa-61m2-mzn2045866298,1980,"54.33134665,18.62990255"
Jabłoniowa,2600000,63 m²,3 pokoje,piętro 5/5,https://www.morizon.pl/oferta/sprzedaz-mieszkanie-gdansk-jasien-jabloniowa-63m2-mzn2045641436,2012,"54.3295818,18.5542556"
al. Gen. Józefa Hallera,2600000,53 m²,2 pokoje,piętro 1/2,https://www.morizon.pl/oferta/sprzedaz-mieszkanie-gdansk-wrzeszcz-hallera-53m2-mzn2045077158,-1,"54.3936083,18.6215258"
Gdańsk,599000,57 m²,3 pokoje,piętro 6/16,https://www.morizon.pl/oferta/sprzedaz-mieszkanie-gdansk-57m2-mzn2045840911,2022,"54.35466,18.65311"
Polanki,1890000,96 m²,4 pokoje,piętro 1/1,https://www.morizon.pl/oferta/sprzedaz-mieszkanie-gdansk-oliwa-polanki-96m2-mzn2045838719,1920,"54.39189088,18.56970268"
Obrońców Wybrzeża,1890000,65 m²,3 pokoje,piętro 11/17,https://www.morizon.pl/oferta/sprzedaz-mieszkanie-gdansk-przymorze-obroncow-wybrzeza-65m2-mzn2045844714,2018,"54.4108376,18.5966348"
Gdańsk,2090000,51 m²,2 pokoje,piętro 1/4,https://www.morizon.pl/oferta/sprzedaz-mieszkanie-gdansk-51m2-mzn2042324626,-1,"54.3520252,18.6466384"
Gdańsk,2090000,51 m²,2 pokoje,piętro 1/4,https://www.morizon.pl/oferta/sprzedaz-mieszkanie-gdansk-51m2-mzn2045274066,-1,"54.3520252,18.6466384"
ul. Stępkarska,599000,37 m²,2 pokoje,piętro 5/7,https://www.morizon.pl/oferta/sprzedaz-mieszkanie-gdansk-srodmiescie-stepkarska-37m2-mzn2045712996,2027,"54.3574253,18.66242409"
ul. Stępkarska,599000,138 m²,4 pokoje,piętro 7/7,https://www.morizon.pl/oferta/sprzedaz-mieszkanie-gdansk-srodmiescie-stepkarska-138m2-mzn2045713090,2027,"54.3574253,18.66242409"
ul. Tadeusza Jasińskiego,575000,61 m²,3 pokoje,parter,https://www.morizon.pl/oferta/sprzedaz-mieszkanie-gdansk-jasien-tadeusza-jasinskiego-61m2-mzn2043123004,2025,"54.33558132,18.54309797"
ul. Tadeusza Jasińskiego,575000,52 m²,3 pokoje,parter,https://www.morizon.pl/oferta/sprzedaz-mieszkanie-gdansk-jasien-tadeusza-jasinskiego-52m2-mzn2043123060,2025,"54.33558132,18.54309797"
ul. Mostek,679797,25 m²,1 pokój,piętro 2/4,https://www.morizon.pl/oferta/sprzedaz-mieszkanie-gdansk-srodmiescie-mostek-25m2-mzn2045752505,2025,"54.35023614,18.673316"
Osowa,679797,58 m²,3 pokoje,parter/4,https://www.morizon.pl/oferta/sprzedaz-mieszkanie-gdansk-osowa-58m2-mzn2045727267,2019,"54.421937,18.4843831"
Dolne Migowo,583738,58 m²,3 pokoje,piętro 5/5,https://www.morizon.pl/oferta/sprzedaz-mieszkanie-gdansk-piecki-migowo-dolne-migowo-58m2-mzn2045755422,2019,"54.3559667,18.5699649"
Mazurska,583738,89 m²,4 pokoje,piętro 5/5,https://www.morizon.pl/oferta/sprzedaz-mieszkanie-gdansk-brzezno-mazurska-89m2-mzn2045755074,1993,"54.408029,18.6350449"
Sebastiana Klonowicza,818000,37 m²,2 pokoje,parter/1,https://www.morizon.pl/oferta/sprzedaz-mieszkanie-gdansk-wrzeszcz-sebastiana-klonowicza-37m2-mzn2045787232,1930,"54.3855042,18.6270784"
Obrońców Westerplatte,818000,82 m²,4 pokoje,parter/2,https://www.morizon.pl/oferta/sprzedaz-mieszkanie-gdansk-oliwa-obroncow-westerplatte-82m2-mzn2045784427,1915,"54.40915529,18.56557629"
Angielska Grobla,899000,69 m²,3 pokoje,parter/5,https://www.morizon.pl/oferta/sprzedaz-mieszkanie-gdansk-srodmiescie-angielska-grobla-69m2-mzn2045749167,2023,"54.3504,18.6621"
Koprowskiego,899000,51 m²,3 pokoje,piętro 1/4,https://www.morizon.pl/oferta/sprzedaz-mieszkanie-gdansk-orunia-gorna-gdansk-poludnie-hilarego-koprowskiego-51m2-mzn2045641034,2023,"54.31144126,18.60852242"
ul. Mostek,998000,33 m²,2 pokoje,parter/4,https://www.morizon.pl/oferta/sprzedaz-mieszkanie-gdansk-srodmiescie-mostek-33m2-mzn2045752550,2025,"54.35023614,18.673316"
Wincentego Witosa,998000,66 m²,3 pokoje,piętro 3/11,https://www.morizon.pl/oferta/sprzedaz-mieszkanie-gdansk-chelm-wincentego-witosa-66m2-mzn2045769167,1987,"54.3384365,18.615792"
Podwale Staromiejskie,549000,42 m²,1 pokój,piętro 4/4,https://www.morizon.pl/oferta/sprzedaz-mieszkanie-gdansk-srodmiescie-podwale-staromiejskie-42m2-mzn2045626590,1950,"54.353316,18.6525925"
Ks. Jerzego Popiełuszki,549000,44 m²,2 pokoje,piętro 2/7,https://www.morizon.pl/oferta/sprzedaz-mieszkanie-gdansk-srodmiescie-ks-jerzego-popieluszki-44m2-mzn2045623400,2022,"54.3604,18.6565"
al. Rzeczypospolitej,1640000,46 m²,2 pokoje,piętro 9/10,https://www.morizon.pl/oferta/sprzedaz-mieszkanie-gdansk-przymorze-aleja-rzeczypospolitej-46m2-mzn2044841403,1975,"54.40295,18.59288"
Prof. Mariana Osińskiego,1640000,59 m²,3 pokoje,piętro 5/5,https://www.morizon.pl/oferta/sprzedaz-mieszkanie-gdansk-jasien-prof-mariana-osinskiego-59m2-mzn2045174992,2019,"54.35052,18.53516"
Kotwiczników,1690000,77 m²,4 pokoje,piętro 3/4,https://www.morizon.pl/oferta/sprzedaz-mieszkanie-gdansk-srodmiescie-kotwicznikow-77m2-mzn2044816321,1900,"54.34485,18.65261"
Rybaki Dolne,1690000,40 m²,1 pokój,piętro 3/10,https://www.morizon.pl/oferta/sprzedaz-mieszkanie-gdansk-srodmiescie-rybaki-dolne-40m2-mzn2045593593,1958,"54.3571,18.65462"
Jasień,769000,56 m²,3 pokoje,piętro 4/4,https://www.morizon.pl/oferta/sprzedaz-mieszkanie-gdansk-jasien-56m2-mzn2045495142,2021,"54.32231,18.56334"
Letnicka,769000,28 m²,1 pokój,piętro 4/4,https://www.morizon.pl/oferta/sprzedaz-mieszkanie-gdansk-letnicka-28m2-mzn2044678837,2025,"54.4017792,18.6476071"
Artura Grottgera,599000,102 m²,3 pokoje,parter/2,https://www.morizon.pl/oferta/sprzedaz-mieszkanie-gdansk-oliwa-artura-grottgera-102m2-mzn2043006065,1928,"54.40382,18.56228"
Angielska Grobla,599000,98 m²,4 pokoje,piętro 6/6,https://www.morizon.pl/oferta/sprzedaz-mieszkanie-gdansk-srodmiescie-angielska-grobla-98m2-mzn2045281853,2020,"54.34978,18.66194"
Szopy,649000,45 m²,3 pokoje,piętro 4/10,https://www.morizon.pl/oferta/sprzedaz-mieszkanie-gdansk-srodmiescie-szopy-45m2-mzn2044470091,1969,"54.34585,18.66108"
Karola Chodkiewicza,649000,99 m²,4 pokoje,parter/4,https://www.morizon.pl/oferta/sprzedaz-mieszkanie-gdansk-brzezno-karola-chodkiewicza-99m2-mzn2044861347,1980,"54.405,18.62673"
Szeroka,1185000,57 m²,3 pokoje,piętro 1/4,https://www.morizon.pl/oferta/sprzedaz-mieszkanie-gdansk-srodmiescie-szeroka-57m2-mzn2044143312,1950,"54.35114,18.65556"
Franciszka Kręckiego,1185000,63 m²,3 pokoje,piętro 1/1,https://www.morizon.pl/oferta/sprzedaz-mieszkanie-gdansk-oliwa-franciszka-kreckiego-63m2-mzn2044556180,1927,"54.410556,18.558889"
Piotra Michałowskiego,575000,64 m²,3 pokoje,piętro 1/10,https://www.morizon.pl/oferta/sprzedaz-mieszkanie-gdansk-wrzeszcz-michalowskiego-64m2-mzn2045755514,1960,"54.386286,18.572738"
Św. Huberta,575000,81 m²,3 pokoje,parter/2,https://www.morizon.pl/oferta/sprzedaz-mieszkanie-gdansk-ujescisko-lostowice-sw-huberta-81m2-mzn2045464520,2007,"54.31912657,18.59539032"
Nowosądecka,849000,67 m²,3 pokoje,piętro 3/3,https://www.morizon.pl/oferta/sprzedaz-mieszkanie-gdansk-ujescisko-lostowice-nowosadecka-67m2-mzn2044635530,2006,"54.32835,18.58064"
Wolności,849000,57 m²,3 pokoje,piętro 1/3,https://www.morizon.pl/oferta/sprzedaz-mieszkanie-gdansk-nowy-port-wolnosci-57m2-mzn2045818809,1905,"54.3997,18.66775"
Częstochowska,869000,48 m²,2 pokoje,parter/3,https://www.morizon.pl/oferta/sprzedaz-mieszkanie-gdansk-ujescisko-lostowice-czestochowska-48m2-mzn2045830376,2002,"54.3300321,18.5819918"
Myśliwska,730000,51 m²,2 pokoje,piętro 1/2,https://www.morizon.pl/oferta/sprzedaz-mieszkanie-gdansk-piecki-migowo-mysliwska-51m2-mzn2045852885,2012,"54.35089,18.55848"
Piastowska,730000,30 m²,2 pokoje,piętro 8/10,https://www.morizon.pl/oferta/sprzedaz-mieszkanie-gdansk-przymorze-piastowska-30m2-mzn2045138118,1978,"54.41645,18.59128"
Skarpowa,529000,53 m²,2 pokoje,parter/4,https://www.morizon.pl/oferta/sprzedaz-mieszkanie-gdansk-siedlce-skarpowa-53m2-mzn2045844424,-1,"54.351512,18.624755"
Jasień,529000,41 m²,2 pokoje,parter/2,https://www.morizon.pl/oferta/sprzedaz-mieszkanie-gdansk-jasien-41m2-mzn2045830169,-1,"54.3346303,18.5568438"
Letnicka,569000,25 m²,2 pokoje,piętro 3/4,https://www.morizon.pl/oferta/sprzedaz-mieszkanie-gdansk-letnica-letnicka-25m2-mzn2045819914,2023,"54.40238,18.65022"
Prezydenta Lecha Kaczyńskiego,569000,108 m²,4 pokoje,piętro 8/10,https://www.morizon.pl/oferta/sprzedaz-mieszkanie-gdansk-przymorze-prezydenta-lecha-kaczynskiego-108m2-mzn2045803521,2021,"54.40992,18.60514"
Szara,549000,38 m²,2 pokoje,piętro 2/3,https://www.morizon.pl/oferta/sprzedaz-mieszkanie-gdansk-siedlce-szara-38m2-mzn2045827573,1960,"54.3485936,18.6106455"
Niepołomicka,549000,54 m²,3 pokoje,parter/5,https://www.morizon.pl/oferta/sprzedaz-mieszkanie-gdansk-ujescisko-lostowice-niepolomicka-54m2-mzn2045713167,2022,"54.3130239,18.5958458"
Elewów,599000,120 m²,4 pokoje,piętro 1/1,https://www.morizon.pl/oferta/sprzedaz-mieszkanie-gdansk-matarnia-elewow-120m2-mzn2045486809,1996,"54.37947,18.5038"
Lawendowe Wzgórze,599000,26 m²,1 pokój,piętro 4/4,https://www.morizon.pl/oferta/sprzedaz-mieszkanie-gdansk-jasien-lawendowe-wzgorze-26m2-mzn2045602747,2018,"54.3271,18.56345"
Złota,2759000,65 m²,4 pokoje,parter/3,https://www.morizon.pl/oferta/sprzedaz-mieszkanie-gdansk-ujescisko-lostowice-zlota-65m2-mzn2044043735,2023,"54.3129696,18.6003891"
Konstantego Ildefonsa Gałczyńskiego,2759000,43 m²,2 pokoje,piętro 1/2,https://www.morizon.pl/oferta/sprzedaz-mieszkanie-gdansk-brzezno-konstantego-ildefonsa-galczynskiego-43m2-mzn2045233590,-1,"54.40648,18.63894"
Partyzantów,470000,31 m²,1 pokój,piętro 4/4,https://www.morizon.pl/oferta/sprzedaz-mieszkanie-gdansk-partyzantow-31m2-mzn2045448633,-1,"54.37854,18.58199"
Potęgowska,470000,34 m²,2 pokoje,piętro 2/4,https://www.morizon.pl/oferta/sprzedaz-mieszkanie-gdansk-jasien-potegowska-34m2-mzn2044858842,2025,"54.33555,18.55774"
Alfa Liczmańskiego,699000,110 m²,4 pokoje,piętro 2/2,https://www.morizon.pl/oferta/sprzedaz-mieszkanie-gdansk-oliwa-alfa-liczmanskiego-110m2-mzn2045843196,1902,"54.40673,18.54985"
Spadzista,699000,45 m²,3 pokoje,piętro 4/10,https://www.morizon.pl/oferta/sprzedaz-mieszkanie-gdansk-srodmiescie-spadzista-45m2-mzn2045837609,1974,"54.3433953,18.6416124"
Olimpijska,949000,64 m²,4 pokoje,piętro 1/3,https://www.morizon.pl/oferta/sprzedaz-mieszkanie-gdansk-ujescisko-lostowice-olimpijska-64m2-mzn2045837529,2012,"54.30798,18.59107"
Leszczynowa,949000,64 m²,3 pokoje,parter/2,https://www.morizon.pl/oferta/sprzedaz-mieszkanie-gdansk-jasien-leszczynowa-64m2-mzn2045867305,2012,"54.3355,18.55912"
Przyokopowa,429000,59 m²,3 pokoje,parter/4,https://www.morizon.pl/oferta/sprzedaz-mieszkanie-gdansk-srodmiescie-przyokopowa-59m2-mzn2043290030,1990,"54.34385203,18.66231233"
Żabi Kruk,429000,52 m²,2 pokoje,piętro 8/9,https://www.morizon.pl/oferta/sprzedaz-mieszkanie-gdansk-srodmiescie-zabi-kruk-52m2-mzn2045324374,1973,"54.3427264,18.64859631"
Mariana Seredyńskiego,799000,117 m²,5 pokoi,piętro 3/3,https://www.morizon.pl/oferta/sprzedaz-mieszkanie-gdansk-srodmiescie-mariana-seredynskiego-117m2-mzn2044030468,2000,"54.34929,18.66604"
Malinowa,799000,28 m²,2 pokoje,piętro 3/4,https://www.morizon.pl/oferta/sprzedaz-mieszkanie-gdansk-osowa-malinowa-28m2-mzn2045107204,-1,"54.4128,18.44454"
Malinowa,380000,70 m²,4 pokoje,piętro 1/4,https://www.morizon.pl/oferta/sprzedaz-mieszkanie-gdansk-osowa-malinowa-70m2-mzn2045107499,-1,"54.4125,18.4448"
Malinowa,380000,43 m²,2 pokoje,parter/4,https://www.morizon.pl/oferta/sprzedaz-mieszkanie-gdansk-osowa-malinowa-43m2-mzn2045107400,-1,"54.41255,18.44454"
Malinowa,459000,51 m²,3 pokoje,piętro 2/4,https://www.morizon.pl/oferta/sprzedaz-mieszkanie-gdansk-osowa-malinowa-51m2-mzn2045107401,-1,"54.41265,18.44463"
al. Grunwaldzka,459000,38 m²,2 pokoje,piętro 9/10,https://www.morizon.pl/oferta/sprzedaz-mieszkanie-gdansk-oliwa-aleja-grunwaldzka-38m2-mzn2045841831,1970,"54.419035,18.5660282"
Dolne Migowo,430000,88 m²,3 pokoje,parter/5,https://www.morizon.pl/oferta/sprzedaz-mieszkanie-gdansk-piecki-migowo-dolne-migowo-88m2-mzn2045851495,2020,"54.35628,18.57014"
Angielska Grobla,430000,47 m²,2 pokoje,piętro 2/5,https://www.morizon.pl/oferta/sprzedaz-mieszkanie-gdansk-srodmiescie-angielska-grobla-47m2-mzn2045845426,2020,"54.351218,18.6618083"
Jana Kochanowskiego,1650000,59 m²,2 pokoje,piętro 2/2,https://www.morizon.pl/oferta/sprzedaz-mieszkanie-gdansk-wrzeszcz-jana-kochanowskiego-59m2-mzn2045808510,1939,"54.37981,18.62662"
Władysława Jagiełły,1650000,51 m²,2 pokoje,piętro 1/4,https://www.morizon.pl/oferta/sprzedaz-mieszkanie-gdansk-ujescisko-lostowice-wladyslawa-jagielly-51m2-mzn2045486268,2012,"54.30443,18.61266"
Toruńska,548000,82 m²,3 pokoje,piętro 4/4,https://www.morizon.pl/oferta/sprzedaz-mieszkanie-gdansk-srodmiescie-torunska-82m2-mzn2043236322,2014,"54.34028,18.65148"
Jana Heweliusza,548000,72 m²,2 pokoje,piętro 3/3,https://www.morizon.pl/oferta/sprzedaz-mieszkanie-gdansk-srodmiescie-jana-heweliusza-72m2-mzn2043635256,1960,"54.34905,18.65389"
Mariana Seredyńskiego,695000,104 m²,4 pokoje,parter/3,https://www.morizon.pl/oferta/sprzedaz-mieszkanie-gdansk-srodmiescie-mariana-seredynskiego-104m2-mzn2044556843,1905,"54.35131384,18.65185797"
Malinowa,695000,66 m²,3 pokoje,piętro 1/4,https://www.morizon.pl/oferta/sprzedaz-mieszkanie-gdansk-osowa-malinowa-66m2-mzn2045080786,-1,"54.41233,18.44282"
Wielkopolska,850000,45 m²,2 pokoje,piętro 4/5,https://www.morizon.pl/oferta/sprzedaz-mieszkanie-gdansk-ujescisko-lostowice-wielkopolska-45m2-mzn2045885582,2023,"54.3116963,18.5912627"
Lawendowe Wzgórze,850000,40 m²,2 pokoje,piętro 5/5,https://www.morizon.pl/oferta/sprzedaz-mieszkanie-gdansk-jasien-lawendowe-wzgorze-40m2-mzn2045875768,2015,"54.3296046,18.5668218"
Leszczynowa,749000,46 m²,2 pokoje,piętro 2/3,https://www.morizon.pl/oferta/sprzedaz-mieszkanie-gdansk-jasien-leszczynowa-46m2-mzn2045875277,2015,"54.33234,18.5546024"
